ts_s,power_kw,setpoint_kw,limit_kw
0,19.85,20,80
1,20.15,20,80
2,20.10,20,80
3,20.05,20,80
4,20.00,20,80
5,19.95,20,80
6,19.90,20,80
7,19.85,20,80
8,20.15,20,80
9,20.10,20,80
10,20.05,20,80
11,20.00,20,80
12,19.95,20,80
13,19.90,20,80
14,19.85,20,80
15,20.15,20,80
16,20.10,20,80
17,20.05,20,80
18,20.00,20,80
19,19.95,20,80
20,19.90,20,80
21,19.85,20,80
22,20.15,20,80
23,20.10,20,80
24,20.05,20,80
25,20.00,20,80
26,19.95,20,80
27,19.90,20,80
28,19.85,20,80
29,20.15,20,80
30,20.10,20,80
31,20.05,20,80
32,20.00,20,80
33,19.95,20,80
34,19.90,20,80
35,19.85,20,80
36,20.15,20,80
37,20.10,20,80
38,20.05,20,80
39,20.00,20,80
40,19.95,20,80
41,19.90,20,80
42,19.85,20,80
43,20.15,20,80
44,20.10,20,80
45,20.05,20,80
46,20.00,20,80
47,19.95,20,80
48,19.90,20,80
49,19.85,20,80
50,20.15,20,80
51,20.10,20,80
52,20.05,20,80
53,20.00,20,80
54,19.95,20,80
55,19.90,20,80
56,19.85,20,80
57,20.15,20,80
58,20.10,20,80
59,20.05,20,80
60,36.00,60,80
61,51.95,60,80
62,58.30,60,80
63,59.53,60,80
64,60.09,60,80
65,60.09,60,80
66,60.05,60,80
67,60.00,60,80
68,59.95,60,80
69,59.90,60,80
70,59.85,60,80
71,60.15,60,80
72,60.10,60,80
73,60.05,60,80
74,60.00,60,80
75,59.95,60,80
76,59.90,60,80
77,59.85,60,80
78,60.15,60,80
79,60.10,60,80
80,60.05,60,80
81,60.00,60,80
82,59.95,60,80
83,59.90,60,80
84,59.85,60,80
85,60.15,60,80
86,60.10,60,80
87,60.05,60,80
88,60.00,60,80
89,59.95,60,80
90,59.90,60,80
91,59.85,60,80
92,60.15,60,80
93,60.10,60,80
94,60.05,60,80
95,60.00,60,80
96,59.95,60,80
97,59.90,60,80
98,59.85,60,80
99,60.15,60,80
100,60.10,60,80
101,60.05,60,80
102,60.00,60,80
103,59.95,60,80
104,59.90,60,80
105,59.85,60,80
106,60.15,60,80
107,60.10,60,80
108,60.05,60,80
109,60.00,60,80
110,59.95,60,80
111,59.90,60,80
112,59.85,60,80
113,60.15,60,80
114,60.10,60,80
115,60.05,60,80
116,60.00,60,80
117,59.95,60,80
118,59.90,60,80
119,59.85,60,80
120,60.15,60,80
121,60.10,60,80
122,60.05,60,80
123,60.00,60,80
124,59.95,60,80
125,59.90,60,80
126,59.85,60,80
127,60.15,60,80
128,60.10,60,80
129,60.05,60,80
130,60.00,60,80
131,59.95,60,80
132,59.90,60,80
133,59.85,60,80
134,60.15,60,80
135,60.10,60,80
136,60.05,60,80
137,60.00,60,80
138,59.95,60,80
139,59.90,60,80
140,59.85,60,80
141,60.15,60,80
142,60.10,60,80
143,60.05,60,80
144,60.00,60,80
145,59.95,60,80
146,59.90,60,80
147,59.85,60,80
148,60.15,60,80
149,60.10,60,80
150,60.05,60,80
151,60.00,60,80
152,59.95,60,80
153,59.90,60,80
154,59.85,60,80
155,60.15,60,80
156,60.10,60,80
157,60.05,60,80
158,60.00,60,80
159,59.95,60,80
160,59.90,60,80
161,59.85,60,80
162,60.15,60,80
163,60.10,60,80
164,60.05,60,80
165,60.00,60,80
166,59.95,60,80
167,59.90,60,80
168,59.85,60,80
169,60.15,60,80
170,60.10,60,80
171,60.05,60,80
172,60.00,60,80
173,59.95,60,80
174,59.90,60,80
175,59.85,60,80
176,60.15,60,80
177,60.10,60,80
178,60.05,60,80
179,60.00,60,80
180,59.95,60,80
