timestamp,measured_kw
2026-10-04T08:00:00+02:00,812.5
2026-10-04T08:01:00+02:00,825.2
2026-10-04T08:02:00+02:00,837.7
2026-10-04T08:03:00+02:00,833.6
2026-10-04T08:04:00+02:00,845.8
2026-10-04T08:05:00+02:00,857.6
2026-10-04T08:06:00+02:00,852.6
2026-10-04T08:07:00+02:00,863.6
2026-10-04T08:08:00+02:00,874.1
2026-10-04T08:09:00+02:00,867.5
2026-10-04T08:10:00+02:00,876.8
2026-10-04T08:11:00+02:00,868.9
2026-10-04T08:12:00+02:00,876.8
2026-10-04T08:13:00+02:00,884.0
2026-10-04T08:14:00+02:00,874.0
2026-10-04T08:15:00+02:00,879.7
2026-10-04T08:16:00+02:00,884.7
2026-10-04T08:17:00+02:00,872.5
2026-10-04T08:18:00+02:00,876.1
2026-10-04T08:19:00+02:00,879.0
2026-10-04T08:20:00+02:00,864.7
2026-10-04T08:21:00+02:00,866.4
2026-10-04T08:22:00+02:00,851.0
2026-10-04T08:23:00+02:00,851.7
2026-10-04T08:24:00+02:00,851.9
2026-10-04T08:25:00+02:00,835.4
2026-10-04T08:26:00+02:00,835.0
2026-10-04T08:27:00+02:00,834.5
2026-10-04T08:28:00+02:00,817.3
2026-10-04T08:29:00+02:00,816.7
2026-10-04T08:30:00+02:00,816.1
2026-10-04T08:31:00+02:00,799.1
2026-10-04T08:32:00+02:00,798.9
2026-10-04T08:33:00+02:00,782.4
2026-10-04T08:34:00+02:00,782.9
2026-10-04T08:35:00+02:00,783.7
2026-10-04T08:36:00+02:00,768.6
2026-10-04T08:37:00+02:00,770.5
2026-10-04T08:38:00+02:00,773.1
2026-10-04T08:39:00+02:00,759.8
2026-10-04T08:40:00+02:00,763.6
2026-10-04T08:41:00+02:00,768.2
2026-10-04T08:42:00+02:00,757.1
2026-10-04T08:43:00+02:00,763.1
2026-10-04T08:44:00+02:00,753.4
2026-10-04T08:45:00+02:00,761.0
2026-10-04T08:46:00+02:00,769.2
2026-10-04T08:47:00+02:00,761.6
2026-10-04T08:48:00+02:00,771.2
2026-10-04T08:49:00+02:00,781.4
2026-10-04T08:50:00+02:00,775.6
2026-10-04T08:51:00+02:00,786.8
2026-10-04T08:52:00+02:00,798.5
2026-10-04T08:53:00+02:00,794.0
2026-10-04T08:54:00+02:00,806.2
2026-10-04T08:55:00+02:00,802.2
2026-10-04T08:56:00+02:00,814.8
2026-10-04T08:57:00+02:00,827.5
2026-10-04T08:58:00+02:00,823.6
2026-10-04T08:59:00+02:00,836.1
2026-10-04T09:00:00+02:00,848.4
